{
 "E1.rr": {
  "goodput": 22742.07356431967,
  "turns_s": 33.00667959994195,
  "idle": 0.14626827787674335,
  "kappa": 1.0,
  "mem": 0.8058914445594879,
  "active": 29.975753012048195,
  "ttft50": 0.308248576,
  "ttft95": 0.70916096,
  "prefill_util": 0.37258821726708846,
  "recompute": 0.0,
  "cold_s": 0.0,
  "blocked_s": 0.0,
  "pcie_gbs": 31.69397218243049,
  "fabric_gbs": 28.399045253749172,
  "elapsed": 70.01613091684825,
  "n": 2311
 },
 "E1.jsq": {
  "goodput": 24873.61963855729,
  "turns_s": 36.09754066374138,
  "idle": 0.041096154562782386,
  "kappa": 1.0,
  "mem": 0.649271054501158,
  "active": 24.14677168848458,
  "ttft50": 0.306855936,
  "ttft95": 0.697700352,
  "prefill_util": 0.4190166969659043,
  "recompute": 0.09442949899123378,
  "cold_s": 0.028569482124053323,
  "blocked_s": 0.0,
  "pcie_gbs": 34.36864663209537,
  "fabric_gbs": 30.89671289940918,
  "elapsed": 70.00476912096886,
  "n": 2527
 },
 "E1.aff": {
  "goodput": 22426.32955376472,
  "turns_s": 33.214858437232756,
  "idle": 0.14836915861509764,
  "kappa": 1.0,
  "mem": 0.8125137231898387,
  "active": 29.848950410708852,
  "ttft50": 0.04309046613333333,
  "ttft95": 0.11847980373333333,
  "prefill_util": 0.37043806376212396,
  "recompute": 0.026801682478021217,
  "cold_s": 0.014285960618164627,
  "blocked_s": 0.0,
  "pcie_gbs": 57.84488598473369,
  "fabric_gbs": 1.5125483939757887,
  "elapsed": 69.9987929918061,
  "n": 2325
 },
 "E1.cache_lb": {
  "goodput": 22426.32955376472,
  "turns_s": 33.214858437232756,
  "idle": 0.14836915861509764,
  "kappa": 1.0,
  "mem": 0.8125137231898387,
  "active": 29.848950410708852,
  "ttft50": 0.04309046613333333,
  "ttft95": 0.11847980373333333,
  "prefill_util": 0.37043806376212396,
  "recompute": 0.026801682478021217,
  "cold_s": 0.014285960618164627,
  "blocked_s": 0.0,
  "pcie_gbs": 57.84488598473369,
  "fabric_gbs": 1.5125483939757887,
  "elapsed": 69.9987929918061,
  "n": 2325
 },
 "E1.bfio": {
  "goodput": 24873.61963855729,
  "turns_s": 36.09754066374138,
  "idle": 0.041096154562782386,
  "kappa": 1.0,
  "mem": 0.649271054501158,
  "active": 24.14677168848458,
  "ttft50": 0.306855936,
  "ttft95": 0.697700352,
  "prefill_util": 0.4190166969659043,
  "recompute": 0.09442949899123378,
  "cold_s": 0.028569482124053323,
  "blocked_s": 0.0,
  "pcie_gbs": 34.36864663209537,
  "fabric_gbs": 30.89671289940918,
  "elapsed": 70.00476912096886,
  "n": 2527
 },
 "E1.cbio": {
  "goodput": 24993.41677373459,
  "turns_s": 36.27307008363273,
  "idle": 0.04661083997687955,
  "kappa": 1.0,
  "mem": 0.6890300010419728,
  "active": 25.697121034077554,
  "ttft50": 0.214949888,
  "ttft95": 0.62179328,
  "prefill_util": 0.40504501312151964,
  "recompute": 0.03903156334953944,
  "cold_s": 0.02857272160979341,
  "blocked_s": 0.0,
  "pcie_gbs": 45.95848857784438,
  "fabric_gbs": 19.07638277624845,
  "elapsed": 69.99683219936922,
  "n": 2539
 },
 "E2.cascade_True": {
  "goodput": 24993.41677373459,
  "turns_s": 36.27307008363273,
  "idle": 0.04661083997687955,
  "kappa": 1.0,
  "mem": 0.6890300010419728,
  "active": 25.697121034077554,
  "ttft50": 0.214949888,
  "ttft95": 0.62179328,
  "prefill_util": 0.40504501312151964,
  "recompute": 0.03903156334953944,
  "cold_s": 0.02857272160979341,
  "blocked_s": 0.0,
  "pcie_gbs": 45.95848857784438,
  "fabric_gbs": 19.07638277624845,
  "elapsed": 69.99683219936922,
  "n": 2539
 },
 "E2.cascade_False": {
  "goodput": 24993.41677373459,
  "turns_s": 36.27307008363273,
  "idle": 0.04661083997687955,
  "kappa": 1.0,
  "mem": 0.6890300010419728,
  "active": 25.697121034077554,
  "ttft50": 0.214949888,
  "ttft95": 0.62179328,
  "prefill_util": 0.40504501312151964,
  "recompute": 0.03903156334953944,
  "cold_s": 0.02857272160979341,
  "blocked_s": 0.0,
  "pcie_gbs": 45.95848857784438,
  "fabric_gbs": 19.07638277624845,
  "elapsed": 69.99683219936922,
  "n": 2539
 }
}