{
 "E8.aff": {
  "goodput": 22426.32955376472,
  "turns_s": 33.214858437232756,
  "idle": 0.14836915861509764,
  "kappa": 1.0,
  "mem": 0.8125137231898387,
  "active": 29.848950410708852,
  "ttft50": 0.04309046613333333,
  "ttft95": 0.11847980373333333,
  "prefill_util": 0.37043806376212396,
  "recompute": 0.026801682478021217,
  "cold_s": 0.014285960618164627,
  "blocked_s": 0.0,
  "staged_s": 0.0,
  "stage_hit": 0.0,
  "prestage_gbs": 0.0,
  "prestage_s": 0.0,
  "pcie_gbs": 57.84488598473369,
  "fabric_gbs": 1.5125483939757887,
  "elapsed": 69.9987929918061,
  "n": 2325
 },
 "E8.bfio": {
  "goodput": 24873.61963855729,
  "turns_s": 36.09754066374138,
  "idle": 0.041096154562782386,
  "kappa": 1.0,
  "mem": 0.649271054501158,
  "active": 24.14677168848458,
  "ttft50": 0.306855936,
  "ttft95": 0.697700352,
  "prefill_util": 0.4190166969659043,
  "recompute": 0.09442949899123378,
  "cold_s": 0.028569482124053323,
  "blocked_s": 0.0,
  "staged_s": 0.0,
  "stage_hit": 0.0,
  "prestage_gbs": 0.0,
  "prestage_s": 0.0,
  "pcie_gbs": 34.36864663209537,
  "fabric_gbs": 30.89671289940918,
  "elapsed": 70.00476912096886,
  "n": 2527
 },
 "E8.cbio": {
  "goodput": 24993.41677373459,
  "turns_s": 36.27307008363273,
  "idle": 0.04661083997687955,
  "kappa": 1.0,
  "mem": 0.6890300010419728,
  "active": 25.697121034077554,
  "ttft50": 0.214949888,
  "ttft95": 0.62179328,
  "prefill_util": 0.40504501312151964,
  "recompute": 0.03903156334953944,
  "cold_s": 0.02857272160979341,
  "blocked_s": 0.0,
  "staged_s": 0.0,
  "stage_hit": 0.0,
  "prestage_gbs": 0.0,
  "prestage_s": 0.0,
  "pcie_gbs": 45.95848857784438,
  "fabric_gbs": 19.07638277624845,
  "elapsed": 69.99683219936922,
  "n": 2539
 },
 "E8.prestage": {
  "goodput": 24586.198758601895,
  "turns_s": 36.73356404484279,
  "idle": 0.04517001269643263,
  "kappa": 1.0,
  "mem": 0.6755569230374134,
  "active": 24.80968858131488,
  "ttft50": 0.045099690666666664,
  "ttft95": 0.323158016,
  "prefill_util": 0.39895867717903477,
  "recompute": 0.0,
  "cold_s": 0.0,
  "blocked_s": 0.0,
  "staged_s": 31.990062192299884,
  "stage_hit": 1.0026797677534613,
  "prestage_gbs": 28.43373068059938,
  "prestage_s": 11.373492272239776,
  "pcie_gbs": 62.37994529739547,
  "fabric_gbs": 3.218824867153161,
  "elapsed": 69.99048599970946,
  "n": 2571
 },
 "E8.rate_1.0": {
  "goodput": 24502.199767654067,
  "turns_s": 35.471903908847224,
  "idle": 0.0441601006083748,
  "kappa": 1.0,
  "mem": 0.6923900322854137,
  "active": 25.234389712806028,
  "ttft50": 0.1209344,
  "ttft95": 0.5974016,
  "prefill_util": 0.3942134383317076,
  "recompute": 0.027981547827490086,
  "cold_s": 0.01428590572245156,
  "blocked_s": 0.0,
  "staged_s": 15.985928503423297,
  "stage_hit": 1.0,
  "prestage_gbs": 13.77029009071424,
  "prestage_s": 5.508116036285696,
  "pcie_gbs": 47.50095525142247,
  "fabric_gbs": 16.190651265074276,
  "elapsed": 69.99906197255746,
  "n": 2483
 },
 "E8.rate_2.0": {
  "goodput": 24586.198758601895,
  "turns_s": 36.73356404484279,
  "idle": 0.04517001269643263,
  "kappa": 1.0,
  "mem": 0.6755569230374134,
  "active": 24.80968858131488,
  "ttft50": 0.045099690666666664,
  "ttft95": 0.323158016,
  "prefill_util": 0.39895867717903477,
  "recompute": 0.0,
  "cold_s": 0.0,
  "blocked_s": 0.0,
  "staged_s": 31.990062192299884,
  "stage_hit": 1.0026797677534613,
  "prestage_gbs": 28.43373068059938,
  "prestage_s": 11.373492272239776,
  "pcie_gbs": 62.37994529739547,
  "fabric_gbs": 3.218824867153161,
  "elapsed": 69.99048599970946,
  "n": 2571
 },
 "E8.rate_4.0": {
  "goodput": 23864.27912072371,
  "turns_s": 34.49846225102735,
  "idle": 0.08973337169862018,
  "kappa": 1.0,
  "mem": 0.7497115181832676,
  "active": 27.673171216538563,
  "ttft50": 0.042272904533333336,
  "ttft95": 0.09148443306666666,
  "prefill_util": 0.3771993572586278,
  "recompute": 0.0,
  "cold_s": 0.0,
  "blocked_s": 0.0,
  "staged_s": 34.54131748363732,
  "stage_hit": 1.0024813895781637,
  "prestage_gbs": 30.233227073129182,
  "prestage_s": 12.093290829251671,
  "pcie_gbs": 61.11118934813162,
  "fabric_gbs": 0.0,
  "elapsed": 70.00312020945462,
  "n": 2415
 },
 "E8.rate_8.0": {
  "goodput": 23864.27912072371,
  "turns_s": 34.49846225102735,
  "idle": 0.08973337169862018,
  "kappa": 1.0,
  "mem": 0.7497115181832676,
  "active": 27.673171216538563,
  "ttft50": 0.042272904533333336,
  "ttft95": 0.09148443306666666,
  "prefill_util": 0.3771993572586278,
  "recompute": 0.0,
  "cold_s": 0.0,
  "blocked_s": 0.0,
  "staged_s": 34.54131748363732,
  "stage_hit": 1.0024813895781637,
  "prestage_gbs": 30.233227073129182,
  "prestage_s": 12.093290829251671,
  "pcie_gbs": 61.11118934813162,
  "fabric_gbs": 0.0,
  "elapsed": 70.00312020945462,
  "n": 2415
 },
 "E8.sigma_0.0": {
  "goodput": 24799.750569704807,
  "turns_s": 35.49855918322565,
  "idle": 0.04568154783866636,
  "kappa": 1.0,
  "mem": 0.696424547467417,
  "active": 25.711685426540285,
  "ttft50": 0.045981696,
  "ttft95": 0.309833728,
  "prefill_util": 0.4101545093315367,
  "recompute": 0.0920403797108504,
  "cold_s": 0.02857026896034258,
  "blocked_s": 0.0,
  "staged_s": 31.998701235583688,
  "stage_hit": 1.0004464285714285,
  "prestage_gbs": 28.54688701565549,
  "prestage_s": 11.41875480626221,
  "pcie_gbs": 61.72816048609839,
  "fabric_gbs": 3.022878614724554,
  "elapsed": 70.0028411624732,
  "n": 2485
 },
 "E8.sigma_0.3": {
  "goodput": 24586.198758601895,
  "turns_s": 36.73356404484279,
  "idle": 0.04517001269643263,
  "kappa": 1.0,
  "mem": 0.6755569230374134,
  "active": 24.80968858131488,
  "ttft50": 0.045099690666666664,
  "ttft95": 0.323158016,
  "prefill_util": 0.39895867717903477,
  "recompute": 0.0,
  "cold_s": 0.0,
  "blocked_s": 0.0,
  "staged_s": 31.990062192299884,
  "stage_hit": 1.0026797677534613,
  "prestage_gbs": 28.43373068059938,
  "prestage_s": 11.373492272239776,
  "pcie_gbs": 62.37994529739547,
  "fabric_gbs": 3.218824867153161,
  "elapsed": 69.99048599970946,
  "n": 2571
 },
 "E8.sigma_0.6": {
  "goodput": 24154.30934556066,
  "turns_s": 34.60779133419895,
  "idle": 0.0813573002244252,
  "kappa": 1.0,
  "mem": 0.7429940210654482,
  "active": 27.534874250716705,
  "ttft50": 0.04332475733333333,
  "ttft95": 0.0975896576,
  "prefill_util": 0.390156236573064,
  "recompute": 0.1377304756395998,
  "cold_s": 0.0428667935601143,
  "blocked_s": 0.0,
  "staged_s": 31.992916927031974,
  "stage_hit": 1.0442161679321125,
  "prestage_gbs": 28.56610552313336,
  "prestage_s": 11.42644220925335,
  "pcie_gbs": 61.04245493446787,
  "fabric_gbs": 0.31375738437316675,
  "elapsed": 69.98424073386656,
  "n": 2422
 },
 "E8.sigma_1.0": {
  "goodput": 22865.617877453995,
  "turns_s": 32.94335628480179,
  "idle": 0.14448260615630548,
  "kappa": 1.0,
  "mem": 0.7935580490760304,
  "active": 29.666536921708186,
  "ttft50": 0.042231944533333336,
  "ttft95": 0.095363072,
  "prefill_util": 0.360203802712236,
  "recompute": 0.03913485744124911,
  "cold_s": 0.014285930739289587,
  "blocked_s": 0.0,
  "staged_s": 31.986198925269385,
  "stage_hit": 1.0084859312192944,
  "prestage_gbs": 28.29007522966042,
  "prestage_s": 11.316030091864159,
  "pcie_gbs": 57.68251193891648,
  "fabric_gbs": 0.303568521810456,
  "elapsed": 69.99893939355107,
  "n": 2306
 }
}