{
 "aff": {
  "n_sess": [
   300,
   600,
   900,
   1100,
   1300,
   1500
  ],
  "goodput": [
   7917.361879670115,
   14742.74196892564,
   18261.25538189655,
   21129.367567289126,
   24285.785845166844,
   27464.53384527418
  ],
  "idle": [
   0.36180703518073204,
   0.2791434520454537,
   0.2745748567639831,
   0.21943698419026356,
   0.10313502563510026,
   0.003155303317801657
  ],
  "ttft50": [
   0.039691332266666664,
   0.041065949866666666,
   0.04291734186666667,
   0.0414302208,
   0.0432193536,
   1.2874188644848465
  ],
  "ttft95": [
   0.09281754453333334,
   0.09522653866666667,
   0.08958825813333333,
   0.09342702933333333,
   0.38922239999999997,
   4.661326455466694
  ],
  "blocked_s": [
   0.0,
   0.0,
   0.0,
   0.0,
   0.0,
   2435.250305181549
  ],
  "mem": [
   0.06533040205915755,
   0.21345643791011681,
   0.46325724348020136,
   0.6714235281469999,
   0.8733041817234678,
   0.9965713615685315
  ]
 },
 "bfio": {
  "n_sess": [
   400,
   800,
   1100,
   1400,
   1700
  ],
  "goodput": [
   10932.700823989553,
   19493.296715234534,
   24216.130463127913,
   26288.604815356503,
   28630.651796232916
  ],
  "idle": [
   0.14956348661487276,
   0.08426360842783467,
   0.0472634111214875,
   0.029361195315681272,
   0.001889815815308433
  ],
  "ttft50": [
   0.30370611200000003,
   0.305291264,
   0.29543219200000004,
   0.305987584,
   4.287940292266621
  ],
  "ttft95": [
   0.666333184,
   0.718139392,
   0.707772416,
   0.69507072,
   11.707743076072713
  ],
  "blocked_s": [
   0.0,
   0.0,
   0.0,
   1.6326463401975546,
   8416.638269087744
  ],
  "mem": [
   0.06997480010244371,
   0.27346900428662596,
   0.5275322842781537,
   0.9396348913868573,
   0.9981150958056214
  ]
 },
 "cbio": {
  "n_sess": [
   400,
   800,
   1100,
   1400,
   1700
  ],
  "goodput": [
   10873.209509043478,
   19779.929682707403,
   24361.47833715752,
   25826.0886280584,
   28255.332021205726
  ],
  "idle": [
   0.1448215149450896,
   0.08340044270322851,
   0.05039428452418213,
   0.03948600706405393,
   0.0020990364577301215
  ],
  "ttft50": [
   0.225202176,
   0.20353024,
   0.20156767085714286,
   0.20042137599999998,
   4.633158958545435
  ],
  "ttft95": [
   0.59373568,
   0.6017802240000001,
   0.640888832,
   0.649920512,
   8.105618420363756
  ],
  "blocked_s": [
   0.0,
   0.0,
   0.0,
   0.0,
   8263.170972825847
  ],
  "mem": [
   0.07109618153413813,
   0.2490760262120327,
   0.6254604424545095,
   0.9117292425200628,
   0.9978513858219068
  ]
 },
 "prestage": {
  "n_sess": [
   400,
   800,
   1100,
   1400,
   1700
  ],
  "goodput": [
   11095.30590232384,
   18783.48579461968,
   24180.871471313785,
   26232.663311539356,
   28218.404123699594
  ],
  "idle": [
   0.23073833050598397,
   0.16412813321885136,
   0.055550702106607404,
   0.030232390195226146,
   0.0019877648125790686
  ],
  "ttft50": [
   0.0409862144,
   0.04265465173333333,
   0.0432029696,
   0.045771434666666666,
   4.790949424096974
  ],
  "ttft95": [
   0.09281262933333333,
   0.09190495573333334,
   0.1223540736,
   0.48132096,
   11.550464770327306
  ],
  "blocked_s": [
   0.0,
   0.0,
   0.0,
   2.999648949573282,
   9410.435211450513
  ],
  "mem": [
   0.08918638389710838,
   0.28489280631560115,
   0.5515352568890747,
   0.9450606604657388,
   0.9980097991213785
  ]
 }
}